{
  "letterCount": [
    ["t", -2.745953548740438],
    ["h", -3.5135868410668962],
    ["e", -2.2427338256404425],
    ["o", -2.674353957444886],
    ["f", -4.262587847278825],
    ["a", -2.3434534464541965],
    ["n", -2.6834643311982553],
    ["d", -3.350261549846481],
    ["i", -2.5559968072537718],
    ["s", -2.570274897256361],
    ["r", -2.6634169879606038],
    ["y", -4.0835021274445396],
    ["u", -3.4285698538188782],
    ["w", -4.490561732599032],
    ["b", -3.827521765242299],
    ["v", -4.546441666931578],
    ["m", -3.481346956742742],
    ["l", -2.9503805168252644],
    ["c", -3.299529637494137],
    ["j", -5.656936628092051],
    ["k", -4.1629608226324315],
    ["p", -3.6478074651520718],
    ["g", -3.661006368507474],
    ["x", -5.75982816712045],
    ["q", -6.325791116082952],
    ["z", -5.302107649193969]
  ],
  "lengthToProbs": [
    [
      3,
      {
        "word": -0.09415318877575546,
        "anagram": 1.6004725892846892
      }
    ],
    [
      2,
      {
        "word": 1.0859911060701055e-15,
        "anagram": 0.6617553674848862
      }
    ],
    [
      1,
      {
        "word": 3.0097452308197603e-16,
        "anagram": 3.0097452308197603e-16
      }
    ],
    [
      4,
      {
        "word": -1.7101922834041439,
        "anagram": 1.2585643744873993
      }
    ],
    [
      5,
      {
        "word": -3.930079398721356,
        "anagram": 0.520567662948475
      }
    ],
    [
      6,
      {
        "word": -6.463997084228846,
        "anagram": -0.4018418576153767
      }
    ],
    [
      7,
      {
        "word": -9.16521713444248,
        "anagram": -1.3594349763080338
      }
    ],
    [
      9,
      {
        "word": -15.050313736454509,
        "anagram": -3.532961495265546
      }
    ],
    [
      10,
      {
        "word": -18.109097420448073,
        "anagram": -4.63476565211714
      }
    ],
    [
      8,
      {
        "word": -12.038298614940322,
        "anagram": -2.4238107565657234
      }
    ],
    [
      13,
      {
        "word": -27.79280373783673,
        "anagram": -8.20139044750672
      }
    ],
    [
      11,
      {
        "word": -21.335240438001716,
        "anagram": -5.825435269079736
      }
    ],
    [
      12,
      {
        "word": -24.604937184944667,
        "anagram": -7.094083752521834
      }
    ],
    [
      14,
      {
        "word": -31.16128844180596,
        "anagram": -9.385566604750892
      }
    ],
    [
      15,
      {
        "word": -33.419516495257255,
        "anagram": -9.76857551827111
      }
    ],
    [
      16,
      {
        "word": -38.25552448185459,
        "anagram": -12.34106081043119
      }
    ],
    [
      18,
      {
        "word": -45.21624852737894,
        "anagram": -14.93641199924248
      }
    ],
    [
      17,
      {
        "word": -41.43996109102319,
        "anagram": -13.26965479704007
      }
    ],
    [
      20,
      {
        "word": -51.61399302517686,
        "anagram": -17.79483587141466
      }
    ],
    [
      19,
      {
        "word": -49.011454272700185,
        "anagram": -16.355387687924345
      }
    ],
    [
      22,
      {
        "word": -59.97484766225733,
        "anagram": -20.39762045122812
      }
    ],
    [
      23,
      {
        "word": -65.86524143902646,
        "anagram": -23.468303402634724
      }
    ],
    [
      34,
      {
        "word": -100.4762948063937,
        "anagram": -31.053402404973383
      }
    ],
    [
      21,
      {
        "word": -60.1512202786076,
        "anagram": -22.592477729410927
      }
    ],
    [
      24,
      {
        "word": -69.7946449955653,
        "anagram": -23.457316556133126
      }
    ],
    [
      28,
      {
        "word": -76.47648027663509,
        "anagram": -24.7001498425075
      }
    ],
    [
      29,
      {
        "word": -87.8758770313263,
        "anagram": -32.732250767212236
      }
    ]
  ]
}
