{
  "letterCount": [
    [
      "t",
      -2.815386710869218
    ],
    [
      "h",
      -3.525460985096208
    ],
    [
      "e",
      -2.278253268637627
    ],
    [
      "o",
      -2.718403334845739
    ],
    [
      "f",
      -4.304837331852518
    ],
    [
      "a",
      -2.3271970534580557
    ],
    [
      "n",
      -2.655250895970168
    ],
    [
      "d",
      -3.3744082877113897
    ],
    [
      "i",
      -2.517399757087693
    ],
    [
      "s",
      -2.6010482106853097
    ],
    [
      "r",
      -2.6368184672115778
    ],
    [
      "y",
      -4.071798999440974
    ],
    [
      "u",
      -3.3940560420202743
    ],
    [
      "w",
      -4.596525612815766
    ],
    [
      "b",
      -3.816194414509596
    ],
    [
      "v",
      -4.481083360049324
    ],
    [
      "m",
      -3.435400161178027
    ],
    [
      "l",
      -2.9225046674474484
    ],
    [
      "c",
      -3.2531597040962126
    ],
    [
      "j",
      -5.578369732632368
    ],
    [
      "k",
      -4.1607696506619085
    ],
    [
      "p",
      -3.679781762508121
    ],
    [
      "g",
      -3.6422849901314684
    ],
    [
      "x",
      -5.7443716732589
    ],
    [
      "q",
      -6.230874679038147
    ],
    [
      "z",
      -5.1981072184983415
    ]
  ],
  "lengthToProbs": [
    [
      3,
      {
        "word": -0.09997105964940513,
        "anagram": 1.5950440328863837
      }
    ],
    [
      2,
      {
        "word": -1.4933529673272217e-16,
        "anagram": 0.6619462919846637
      }
    ],
    [
      1,
      {
        "word": -3.3046482217358175e-16,
        "anagram": -3.3046482217358175e-16
      }
    ],
    [
      4,
      {
        "word": -1.7712359209308868,
        "anagram": 1.2000098362094946
      }
    ],
    [
      5,
      {
        "word": -4.062448950871652,
        "anagram": 0.39412808477153327
      }
    ],
    [
      6,
      {
        "word": -6.629901843625623,
        "anagram": -0.5576066480212005
      }
    ],
    [
      7,
      {
        "word": -9.415826017759402,
        "anagram": -1.595259964314539
      }
    ],
    [
      9,
      {
        "word": -15.341328886243291,
        "anagram": -3.7761372907305386
      }
    ],
    [
      10,
      {
        "word": -18.43544042487254,
        "anagram": -4.903615586690209
      }
    ],
    [
      8,
      {
        "word": -12.329782767711583,
        "anagram": -2.686498154436724
      }
    ],
    [
      13,
      {
        "word": -28.171528468225535,
        "anagram": -8.514453651486031
      }
    ],
    [
      11,
      {
        "word": -21.64344224780597,
        "anagram": -6.0761770683818
      }
    ],
    [
      12,
      {
        "word": -24.862140909384628,
        "anagram": -7.289347503246144
      }
    ],
    [
      14,
      {
        "word": -31.554167740495334,
        "anagram": -9.732633236216529
      }
    ],
    [
      15,
      {
        "word": -34.81877492617305,
        "anagram": -11.007962776116083
      }
    ],
    [
      16,
      {
        "word": -38.28353937947014,
        "anagram": -12.351273789026004
      }
    ],
    [
      18,
      {
        "word": -45.28440918543123,
        "anagram": -14.947940398895705
      }
    ],
    [
      17,
      {
        "word": -41.49064685877187,
        "anagram": -13.303098980917873
      }
    ],
    [
      20,
      {
        "word": -51.610253953968545,
        "anagram": -17.791898398943406
      }
    ],
    [
      19,
      {
        "word": -49.081663100237165,
        "anagram": -16.41267933638172
      }
    ],
    [
      22,
      {
        "word": -59.95549721862029,
        "anagram": -20.3587831706814
      }
    ],
    [
      23,
      {
        "word": -65.17716803868187,
        "anagram": -22.722123580611647
      }
    ],
    [
      34,
      {
        "word": -100.22944195094512,
        "anagram": -30.806549549524803
      }
    ],
    [
      21,
      {
        "word": -60.236485132823596,
        "anagram": -22.6394687969172
      }
    ],
    [
      29,
      {
        "word": -88.01642648211951,
        "anagram": -32.87280021800545
      }
    ],
    [
      28,
      {
        "word": -76.41458634413762,
        "anagram": -24.63825591001003
      }
    ],
    [
      24,
      {
        "word": -70.09866786856979,
        "anagram": -23.645617920861202
      }
    ]
  ]
}
